<?xml version="1.0" encoding="UTF-8"?>
<spirit:component xmlns:xilinx="http://www.xilinx.com" xmlns:spirit="http://www.spiritconsortium.org/XMLSchema/SPIRIT/1685-2009" xmlns:xsi="http://www.w3.org/2001/XMLSchema-instance">
  <spirit:vendor>xilinx.com</spirit:vendor>
  <spirit:library>user</spirit:library>
  <spirit:name>mux4x1</spirit:name>
  <spirit:version>1.0</spirit:version>
  <spirit:model>
    <spirit:views>
      <spirit:view>
        <spirit:name>xilinx_anylanguagesynthesis</spirit:name>
        <spirit:displayName>Synthesis</spirit:displayName>
        <spirit:envIdentifier>:vivado.xilinx.com:synthesis</spirit:envIdentifier>
        <spirit:modelName>mux4x1</spirit:modelName>
        <spirit:fileSetRef>
          <spirit:localName>xilinx_anylanguagesynthesis_view_fileset</spirit:localName>
        </spirit:fileSetRef>
        <spirit:parameters>
          <spirit:parameter>
            <spirit:name>viewChecksum</spirit:name>
            <spirit:value>f3c2aefc</spirit:value>
          </spirit:parameter>
        </spirit:parameters>
      </spirit:view>
      <spirit:view>
        <spirit:name>xilinx_anylanguagebehavioralsimulation</spirit:name>
        <spirit:displayName>Simulation</spirit:displayName>
        <spirit:envIdentifier>:vivado.xilinx.com:simulation</spirit:envIdentifier>
        <spirit:modelName>mux4x1</spirit:modelName>
        <spirit:fileSetRef>
          <spirit:localName>xilinx_anylanguagebehavioralsimulation_view_fileset</spirit:localName>
        </spirit:fileSetRef>
        <spirit:parameters>
          <spirit:parameter>
            <spirit:name>viewChecksum</spirit:name>
            <spirit:value>f3c2aefc</spirit:value>
          </spirit:parameter>
        </spirit:parameters>
      </spirit:view>
      <spirit:view>
        <spirit:name>xilinx_xpgui</spirit:name>
        <spirit:displayName>UI Layout</spirit:displayName>
        <spirit:envIdentifier>:vivado.xilinx.com:xgui.ui</spirit:envIdentifier>
        <spirit:fileSetRef>
          <spirit:localName>xilinx_xpgui_view_fileset</spirit:localName>
        </spirit:fileSetRef>
        <spirit:parameters>
          <spirit:parameter>
            <spirit:name>viewChecksum</spirit:name>
            <spirit:value>f64a5dae</spirit:value>
          </spirit:parameter>
        </spirit:parameters>
      </spirit:view>
      <spirit:view>
        <spirit:name>xilinx_testbench</spirit:name>
        <spirit:displayName>Test Bench</spirit:displayName>
        <spirit:envIdentifier>:vivado.xilinx.com:simulation.testbench</spirit:envIdentifier>
        <spirit:fileSetRef>
          <spirit:localName>xilinx_testbench_view_fileset</spirit:localName>
        </spirit:fileSetRef>
        <spirit:parameters>
          <spirit:parameter>
            <spirit:name>viewChecksum</spirit:name>
            <spirit:value>8050fd1b</spirit:value>
          </spirit:parameter>
        </spirit:parameters>
      </spirit:view>
    </spirit:views>
    <spirit:ports>
      <spirit:port>
        <spirit:name>cntrl1</spirit:name>
        <spirit:wire>
          <spirit:direction>in</spirit:direction>
          <spirit:wireTypeDefs>
            <spirit:wireTypeDef>
              <spirit:typeName>wire</spirit:typeName>
              <spirit:viewNameRef>xilinx_anylanguagesynthesis</spirit:viewNameRef>
              <spirit:viewNameRef>xilinx_anylanguagebehavioralsimulation</spirit:viewNameRef>
            </spirit:wireTypeDef>
          </spirit:wireTypeDefs>
        </spirit:wire>
      </spirit:port>
      <spirit:port>
        <spirit:name>cntrl2</spirit:name>
        <spirit:wire>
          <spirit:direction>in</spirit:direction>
          <spirit:wireTypeDefs>
            <spirit:wireTypeDef>
              <spirit:typeName>wire</spirit:typeName>
              <spirit:viewNameRef>xilinx_anylanguagesynthesis</spirit:viewNameRef>
              <spirit:viewNameRef>xilinx_anylanguagebehavioralsimulation</spirit:viewNameRef>
            </spirit:wireTypeDef>
          </spirit:wireTypeDefs>
        </spirit:wire>
      </spirit:port>
      <spirit:port>
        <spirit:name>in1</spirit:name>
        <spirit:wire>
          <spirit:direction>in</spirit:direction>
          <spirit:wireTypeDefs>
            <spirit:wireTypeDef>
              <spirit:typeName>wire</spirit:typeName>
              <spirit:viewNameRef>xilinx_anylanguagesynthesis</spirit:viewNameRef>
              <spirit:viewNameRef>xilinx_anylanguagebehavioralsimulation</spirit:viewNameRef>
            </spirit:wireTypeDef>
          </spirit:wireTypeDefs>
        </spirit:wire>
      </spirit:port>
      <spirit:port>
        <spirit:name>in2</spirit:name>
        <spirit:wire>
          <spirit:direction>in</spirit:direction>
          <spirit:wireTypeDefs>
            <spirit:wireTypeDef>
              <spirit:typeName>wire</spirit:typeName>
              <spirit:viewNameRef>xilinx_anylanguagesynthesis</spirit:viewNameRef>
              <spirit:viewNameRef>xilinx_anylanguagebehavioralsimulation</spirit:viewNameRef>
            </spirit:wireTypeDef>
          </spirit:wireTypeDefs>
        </spirit:wire>
      </spirit:port>
      <spirit:port>
        <spirit:name>in3</spirit:name>
        <spirit:wire>
          <spirit:direction>in</spirit:direction>
          <spirit:wireTypeDefs>
            <spirit:wireTypeDef>
              <spirit:typeName>wire</spirit:typeName>
              <spirit:viewNameRef>xilinx_anylanguagesynthesis</spirit:viewNameRef>
              <spirit:viewNameRef>xilinx_anylanguagebehavioralsimulation</spirit:viewNameRef>
            </spirit:wireTypeDef>
          </spirit:wireTypeDefs>
        </spirit:wire>
      </spirit:port>
      <spirit:port>
        <spirit:name>in4</spirit:name>
        <spirit:wire>
          <spirit:direction>in</spirit:direction>
          <spirit:wireTypeDefs>
            <spirit:wireTypeDef>
              <spirit:typeName>wire</spirit:typeName>
              <spirit:viewNameRef>xilinx_anylanguagesynthesis</spirit:viewNameRef>
              <spirit:viewNameRef>xilinx_anylanguagebehavioralsimulation</spirit:viewNameRef>
            </spirit:wireTypeDef>
          </spirit:wireTypeDefs>
        </spirit:wire>
      </spirit:port>
      <spirit:port>
        <spirit:name>out1</spirit:name>
        <spirit:wire>
          <spirit:direction>out</spirit:direction>
          <spirit:vector>
            <spirit:left spirit:format="long" spirit:resolve="immediate">0</spirit:left>
            <spirit:right spirit:format="long" spirit:resolve="immediate">0</spirit:right>
          </spirit:vector>
          <spirit:wireTypeDefs>
            <spirit:wireTypeDef>
              <spirit:typeName>wire</spirit:typeName>
              <spirit:viewNameRef>xilinx_anylanguagesynthesis</spirit:viewNameRef>
              <spirit:viewNameRef>xilinx_anylanguagebehavioralsimulation</spirit:viewNameRef>
            </spirit:wireTypeDef>
          </spirit:wireTypeDefs>
        </spirit:wire>
      </spirit:port>
    </spirit:ports>
  </spirit:model>
  <spirit:fileSets>
    <spirit:fileSet>
      <spirit:name>xilinx_anylanguagesynthesis_view_fileset</spirit:name>
      <spirit:file>
        <spirit:name>IPcore/xilinx.com_user_andgatethree_1.0/sources_1/new/andgatethree.v</spirit:name>
        <spirit:fileType>verilogSource</spirit:fileType>
      </spirit:file>
      <spirit:file>
        <spirit:name>IPcore/xilinx.com_user_notgate_1.0/sources_1/new/notgate.v</spirit:name>
        <spirit:fileType>verilogSource</spirit:fileType>
      </spirit:file>
      <spirit:file>
        <spirit:name>shiyan3-1/shiyan3-1.srcs/sources_1/bd/mux4x1/ip/mux4x1_andgatethree_0_0/sim/mux4x1_andgatethree_0_0.v</spirit:name>
        <spirit:fileType>verilogSource</spirit:fileType>
      </spirit:file>
      <spirit:file>
        <spirit:name>shiyan3-1/shiyan3-1.srcs/sources_1/bd/mux4x1/ip/mux4x1_andgatethree_1_0/sim/mux4x1_andgatethree_1_0.v</spirit:name>
        <spirit:fileType>verilogSource</spirit:fileType>
      </spirit:file>
      <spirit:file>
        <spirit:name>shiyan3-1/shiyan3-1.srcs/sources_1/bd/mux4x1/ip/mux4x1_andgatethree_2_0/sim/mux4x1_andgatethree_2_0.v</spirit:name>
        <spirit:fileType>verilogSource</spirit:fileType>
      </spirit:file>
      <spirit:file>
        <spirit:name>shiyan3-1/shiyan3-1.srcs/sources_1/bd/mux4x1/ip/mux4x1_andgatethree_3_0/sim/mux4x1_andgatethree_3_0.v</spirit:name>
        <spirit:fileType>verilogSource</spirit:fileType>
      </spirit:file>
      <spirit:file>
        <spirit:name>shiyan3-1/shiyan3-1.srcs/sources_1/bd/mux4x1/ip/mux4x1_notgate_0_0/sim/mux4x1_notgate_0_0.v</spirit:name>
        <spirit:fileType>verilogSource</spirit:fileType>
      </spirit:file>
      <spirit:file>
        <spirit:name>shiyan3-1/shiyan3-1.srcs/sources_1/bd/mux4x1/ip/mux4x1_notgate_1_1/sim/mux4x1_notgate_1_1.v</spirit:name>
        <spirit:fileType>verilogSource</spirit:fileType>
      </spirit:file>
      <spirit:file>
        <spirit:name>shiyan3-1/shiyan3-1.srcs/sources_1/bd/mux4x1/ip/mux4x1_orgatefour_0_0/sim/mux4x1_orgatefour_0_0.v</spirit:name>
        <spirit:fileType>verilogSource</spirit:fileType>
      </spirit:file>
      <spirit:file>
        <spirit:name>shiyan3-1/shiyan3-1.sim/sim_1/synth/timing/mux4x1_sim_time_synth.v</spirit:name>
        <spirit:fileType>verilogSource</spirit:fileType>
        <spirit:userFileType>CHECKSUM_dc836339</spirit:userFileType>
      </spirit:file>
    </spirit:fileSet>
    <spirit:fileSet>
      <spirit:name>xilinx_anylanguagebehavioralsimulation_view_fileset</spirit:name>
      <spirit:file>
        <spirit:name>IPcore/xilinx.com_user_andgatethree_1.0/sources_1/new/andgatethree.v</spirit:name>
        <spirit:fileType>verilogSource</spirit:fileType>
      </spirit:file>
      <spirit:file>
        <spirit:name>IPcore/xilinx.com_user_notgate_1.0/sources_1/new/notgate.v</spirit:name>
        <spirit:fileType>verilogSource</spirit:fileType>
      </spirit:file>
      <spirit:file>
        <spirit:name>shiyan3-1/shiyan3-1.srcs/sources_1/bd/mux4x1/ip/mux4x1_andgatethree_0_0/sim/mux4x1_andgatethree_0_0.v</spirit:name>
        <spirit:fileType>verilogSource</spirit:fileType>
      </spirit:file>
      <spirit:file>
        <spirit:name>shiyan3-1/shiyan3-1.srcs/sources_1/bd/mux4x1/ip/mux4x1_andgatethree_1_0/sim/mux4x1_andgatethree_1_0.v</spirit:name>
        <spirit:fileType>verilogSource</spirit:fileType>
      </spirit:file>
      <spirit:file>
        <spirit:name>shiyan3-1/shiyan3-1.srcs/sources_1/bd/mux4x1/ip/mux4x1_andgatethree_2_0/sim/mux4x1_andgatethree_2_0.v</spirit:name>
        <spirit:fileType>verilogSource</spirit:fileType>
      </spirit:file>
      <spirit:file>
        <spirit:name>shiyan3-1/shiyan3-1.srcs/sources_1/bd/mux4x1/ip/mux4x1_andgatethree_3_0/sim/mux4x1_andgatethree_3_0.v</spirit:name>
        <spirit:fileType>verilogSource</spirit:fileType>
      </spirit:file>
      <spirit:file>
        <spirit:name>shiyan3-1/shiyan3-1.srcs/sources_1/bd/mux4x1/ip/mux4x1_notgate_0_0/sim/mux4x1_notgate_0_0.v</spirit:name>
        <spirit:fileType>verilogSource</spirit:fileType>
      </spirit:file>
      <spirit:file>
        <spirit:name>shiyan3-1/shiyan3-1.srcs/sources_1/bd/mux4x1/ip/mux4x1_notgate_1_1/sim/mux4x1_notgate_1_1.v</spirit:name>
        <spirit:fileType>verilogSource</spirit:fileType>
      </spirit:file>
      <spirit:file>
        <spirit:name>shiyan3-1/shiyan3-1.srcs/sources_1/bd/mux4x1/ip/mux4x1_orgatefour_0_0/sim/mux4x1_orgatefour_0_0.v</spirit:name>
        <spirit:fileType>verilogSource</spirit:fileType>
      </spirit:file>
      <spirit:file>
        <spirit:name>shiyan3-1/shiyan3-1.sim/sim_1/synth/timing/mux4x1_sim_time_synth.v</spirit:name>
        <spirit:fileType>verilogSource</spirit:fileType>
      </spirit:file>
    </spirit:fileSet>
    <spirit:fileSet>
      <spirit:name>xilinx_xpgui_view_fileset</spirit:name>
      <spirit:file>
        <spirit:name>xgui/mux4x1_v1_0.tcl</spirit:name>
        <spirit:fileType>tclSource</spirit:fileType>
        <spirit:userFileType>XGUI_VERSION_2</spirit:userFileType>
        <spirit:userFileType>CHECKSUM_f92e9879</spirit:userFileType>
      </spirit:file>
    </spirit:fileSet>
    <spirit:fileSet>
      <spirit:name>xilinx_testbench_view_fileset</spirit:name>
      <spirit:file>
        <spirit:name>test/test.cache/wt/java_command_handlers.wdf</spirit:name>
        <spirit:fileType>unknown</spirit:fileType>
      </spirit:file>
      <spirit:file>
        <spirit:name>test/test.cache/wt/synthesis.wdf</spirit:name>
        <spirit:fileType>unknown</spirit:fileType>
      </spirit:file>
      <spirit:file>
        <spirit:name>test/test.cache/wt/synthesis_details.wdf</spirit:name>
        <spirit:fileType>unknown</spirit:fileType>
      </spirit:file>
      <spirit:file>
        <spirit:name>test/test.cache/wt/webtalk_pa.xml</spirit:name>
        <spirit:userFileType>xml</spirit:userFileType>
      </spirit:file>
      <spirit:file>
        <spirit:name>test/test.hw/hw_1/hw.xml</spirit:name>
        <spirit:userFileType>xml</spirit:userFileType>
      </spirit:file>
      <spirit:file>
        <spirit:name>test/test.hw/test.lpr</spirit:name>
        <spirit:fileType>unknown</spirit:fileType>
      </spirit:file>
      <spirit:file>
        <spirit:name>test/test.runs/.jobs/vrs_config_1.xml</spirit:name>
        <spirit:userFileType>xml</spirit:userFileType>
      </spirit:file>
      <spirit:file>
        <spirit:name>test/test.runs/.jobs/vrs_config_2.xml</spirit:name>
        <spirit:userFileType>xml</spirit:userFileType>
      </spirit:file>
      <spirit:file>
        <spirit:name>test/test.runs/.jobs/vrs_config_3.xml</spirit:name>
        <spirit:userFileType>xml</spirit:userFileType>
      </spirit:file>
      <spirit:file>
        <spirit:name>test/test.runs/impl_1/.init_design.begin.rst</spirit:name>
        <spirit:fileType>unknown</spirit:fileType>
      </spirit:file>
      <spirit:file>
        <spirit:name>test/test.runs/impl_1/.init_design.end.rst</spirit:name>
        <spirit:fileType>unknown</spirit:fileType>
      </spirit:file>
      <spirit:file>
        <spirit:name>test/test.runs/impl_1/.opt_design.begin.rst</spirit:name>
        <spirit:fileType>unknown</spirit:fileType>
      </spirit:file>
      <spirit:file>
        <spirit:name>test/test.runs/impl_1/.opt_design.end.rst</spirit:name>
        <spirit:fileType>unknown</spirit:fileType>
      </spirit:file>
      <spirit:file>
        <spirit:name>test/test.runs/impl_1/.place_design.begin.rst</spirit:name>
        <spirit:fileType>unknown</spirit:fileType>
      </spirit:file>
      <spirit:file>
        <spirit:name>test/test.runs/impl_1/.place_design.end.rst</spirit:name>
        <spirit:fileType>unknown</spirit:fileType>
      </spirit:file>
      <spirit:file>
        <spirit:name>test/test.runs/impl_1/.route_design.begin.rst</spirit:name>
        <spirit:fileType>unknown</spirit:fileType>
      </spirit:file>
      <spirit:file>
        <spirit:name>test/test.runs/impl_1/.route_design.end.rst</spirit:name>
        <spirit:fileType>unknown</spirit:fileType>
      </spirit:file>
      <spirit:file>
        <spirit:name>test/test.runs/impl_1/.vivado.begin.rst</spirit:name>
        <spirit:fileType>unknown</spirit:fileType>
      </spirit:file>
      <spirit:file>
        <spirit:name>test/test.runs/impl_1/.vivado.end.rst</spirit:name>
        <spirit:fileType>unknown</spirit:fileType>
      </spirit:file>
      <spirit:file>
        <spirit:name>test/test.runs/impl_1/.Vivado_Implementation.queue.rst</spirit:name>
        <spirit:fileType>unknown</spirit:fileType>
      </spirit:file>
      <spirit:file>
        <spirit:name>test/test.runs/impl_1/.write_bitstream.begin.rst</spirit:name>
        <spirit:fileType>unknown</spirit:fileType>
      </spirit:file>
      <spirit:file>
        <spirit:name>test/test.runs/impl_1/.write_bitstream.end.rst</spirit:name>
        <spirit:fileType>unknown</spirit:fileType>
      </spirit:file>
      <spirit:file>
        <spirit:name>test/test.runs/impl_1/gen_run.xml</spirit:name>
        <spirit:userFileType>xml</spirit:userFileType>
      </spirit:file>
      <spirit:file>
        <spirit:name>test/test.runs/impl_1/htr.txt</spirit:name>
        <spirit:userFileType>text</spirit:userFileType>
      </spirit:file>
      <spirit:file>
        <spirit:name>test/test.runs/impl_1/init_design.pb</spirit:name>
        <spirit:fileType>unknown</spirit:fileType>
      </spirit:file>
      <spirit:file>
        <spirit:name>test/test.runs/impl_1/ISEWrap.js</spirit:name>
        <spirit:fileType>unknown</spirit:fileType>
      </spirit:file>
      <spirit:file>
        <spirit:name>test/test.runs/impl_1/ISEWrap.sh</spirit:name>
        <spirit:userFileType>shell-script</spirit:userFileType>
      </spirit:file>
      <spirit:file>
        <spirit:name>test/test.runs/impl_1/opt_design.pb</spirit:name>
        <spirit:fileType>unknown</spirit:fileType>
      </spirit:file>
      <spirit:file>
        <spirit:name>test/test.runs/impl_1/place_design.pb</spirit:name>
        <spirit:fileType>unknown</spirit:fileType>
      </spirit:file>
      <spirit:file>
        <spirit:name>test/test.runs/impl_1/project.wdf</spirit:name>
        <spirit:fileType>unknown</spirit:fileType>
      </spirit:file>
      <spirit:file>
        <spirit:name>test/test.runs/impl_1/route_design.pb</spirit:name>
        <spirit:fileType>unknown</spirit:fileType>
      </spirit:file>
      <spirit:file>
        <spirit:name>test/test.runs/impl_1/rundef.js</spirit:name>
        <spirit:fileType>unknown</spirit:fileType>
      </spirit:file>
      <spirit:file>
        <spirit:name>test/test.runs/impl_1/runme.bat</spirit:name>
        <spirit:userFileType>bat</spirit:userFileType>
      </spirit:file>
      <spirit:file>
        <spirit:name>test/test.runs/impl_1/runme.log</spirit:name>
        <spirit:userFileType>log</spirit:userFileType>
      </spirit:file>
      <spirit:file>
        <spirit:name>test/test.runs/impl_1/runme.sh</spirit:name>
        <spirit:userFileType>shell-script</spirit:userFileType>
      </spirit:file>
      <spirit:file>
        <spirit:name>test/test.runs/impl_1/test.bit</spirit:name>
        <spirit:fileType>unknown</spirit:fileType>
      </spirit:file>
      <spirit:file>
        <spirit:name>test/test.runs/impl_1/test.tcl</spirit:name>
        <spirit:fileType>tclSource</spirit:fileType>
      </spirit:file>
      <spirit:file>
        <spirit:name>test/test.runs/impl_1/test.vdi</spirit:name>
        <spirit:fileType>unknown</spirit:fileType>
      </spirit:file>
      <spirit:file>
        <spirit:name>test/test.runs/impl_1/test_clock_utilization_routed.rpt</spirit:name>
        <spirit:fileType>unknown</spirit:fileType>
      </spirit:file>
      <spirit:file>
        <spirit:name>test/test.runs/impl_1/test_control_sets_placed.rpt</spirit:name>
        <spirit:fileType>unknown</spirit:fileType>
      </spirit:file>
      <spirit:file>
        <spirit:name>test/test.runs/impl_1/test_drc_opted.rpt</spirit:name>
        <spirit:fileType>unknown</spirit:fileType>
      </spirit:file>
      <spirit:file>
        <spirit:name>test/test.runs/impl_1/test_drc_routed.pb</spirit:name>
        <spirit:fileType>unknown</spirit:fileType>
      </spirit:file>
      <spirit:file>
        <spirit:name>test/test.runs/impl_1/test_drc_routed.rpt</spirit:name>
        <spirit:fileType>unknown</spirit:fileType>
      </spirit:file>
      <spirit:file>
        <spirit:name>test/test.runs/impl_1/test_io_placed.rpt</spirit:name>
        <spirit:fileType>unknown</spirit:fileType>
      </spirit:file>
      <spirit:file>
        <spirit:name>test/test.runs/impl_1/test_opt.dcp</spirit:name>
        <spirit:userFileType>dcp</spirit:userFileType>
      </spirit:file>
      <spirit:file>
        <spirit:name>test/test.runs/impl_1/test_placed.dcp</spirit:name>
        <spirit:userFileType>dcp</spirit:userFileType>
      </spirit:file>
      <spirit:file>
        <spirit:name>test/test.runs/impl_1/test_power_routed.rpt</spirit:name>
        <spirit:fileType>unknown</spirit:fileType>
      </spirit:file>
      <spirit:file>
        <spirit:name>test/test.runs/impl_1/test_power_summary_routed.pb</spirit:name>
        <spirit:fileType>unknown</spirit:fileType>
      </spirit:file>
      <spirit:file>
        <spirit:name>test/test.runs/impl_1/test_routed.dcp</spirit:name>
        <spirit:userFileType>dcp</spirit:userFileType>
      </spirit:file>
      <spirit:file>
        <spirit:name>test/test.runs/impl_1/test_route_status.pb</spirit:name>
        <spirit:fileType>unknown</spirit:fileType>
      </spirit:file>
      <spirit:file>
        <spirit:name>test/test.runs/impl_1/test_route_status.rpt</spirit:name>
        <spirit:fileType>unknown</spirit:fileType>
      </spirit:file>
      <spirit:file>
        <spirit:name>test/test.runs/impl_1/test_timing_summary_routed.rpt</spirit:name>
        <spirit:fileType>unknown</spirit:fileType>
      </spirit:file>
      <spirit:file>
        <spirit:name>test/test.runs/impl_1/test_timing_summary_routed.rpx</spirit:name>
        <spirit:fileType>unknown</spirit:fileType>
      </spirit:file>
      <spirit:file>
        <spirit:name>test/test.runs/impl_1/test_utilization_placed.pb</spirit:name>
        <spirit:fileType>unknown</spirit:fileType>
      </spirit:file>
      <spirit:file>
        <spirit:name>test/test.runs/impl_1/test_utilization_placed.rpt</spirit:name>
        <spirit:fileType>unknown</spirit:fileType>
      </spirit:file>
      <spirit:file>
        <spirit:name>test/test.runs/impl_1/vivado.jou</spirit:name>
        <spirit:fileType>unknown</spirit:fileType>
      </spirit:file>
      <spirit:file>
        <spirit:name>test/test.runs/impl_1/vivado.pb</spirit:name>
        <spirit:fileType>unknown</spirit:fileType>
      </spirit:file>
      <spirit:file>
        <spirit:name>test/test.runs/impl_1/write_bitstream.pb</spirit:name>
        <spirit:fileType>unknown</spirit:fileType>
      </spirit:file>
      <spirit:file>
        <spirit:name>test/test.runs/synth_1/.vivado.begin.rst</spirit:name>
        <spirit:fileType>unknown</spirit:fileType>
      </spirit:file>
      <spirit:file>
        <spirit:name>test/test.runs/synth_1/.vivado.end.rst</spirit:name>
        <spirit:fileType>unknown</spirit:fileType>
      </spirit:file>
      <spirit:file>
        <spirit:name>test/test.runs/synth_1/.Vivado_Synthesis.queue.rst</spirit:name>
        <spirit:fileType>unknown</spirit:fileType>
      </spirit:file>
      <spirit:file>
        <spirit:name>test/test.runs/synth_1/gen_run.xml</spirit:name>
        <spirit:userFileType>xml</spirit:userFileType>
      </spirit:file>
      <spirit:file>
        <spirit:name>test/test.runs/synth_1/htr.txt</spirit:name>
        <spirit:userFileType>text</spirit:userFileType>
      </spirit:file>
      <spirit:file>
        <spirit:name>test/test.runs/synth_1/ISEWrap.js</spirit:name>
        <spirit:fileType>unknown</spirit:fileType>
      </spirit:file>
      <spirit:file>
        <spirit:name>test/test.runs/synth_1/ISEWrap.sh</spirit:name>
        <spirit:userFileType>shell-script</spirit:userFileType>
      </spirit:file>
      <spirit:file>
        <spirit:name>test/test.runs/synth_1/rundef.js</spirit:name>
        <spirit:fileType>unknown</spirit:fileType>
      </spirit:file>
      <spirit:file>
        <spirit:name>test/test.runs/synth_1/runme.bat</spirit:name>
        <spirit:userFileType>bat</spirit:userFileType>
      </spirit:file>
      <spirit:file>
        <spirit:name>test/test.runs/synth_1/runme.log</spirit:name>
        <spirit:userFileType>log</spirit:userFileType>
      </spirit:file>
      <spirit:file>
        <spirit:name>test/test.runs/synth_1/runme.sh</spirit:name>
        <spirit:userFileType>shell-script</spirit:userFileType>
      </spirit:file>
      <spirit:file>
        <spirit:name>test/test.runs/synth_1/test.dcp</spirit:name>
        <spirit:userFileType>dcp</spirit:userFileType>
      </spirit:file>
      <spirit:file>
        <spirit:name>test/test.runs/synth_1/test.tcl</spirit:name>
        <spirit:fileType>tclSource</spirit:fileType>
      </spirit:file>
      <spirit:file>
        <spirit:name>test/test.runs/synth_1/test.vds</spirit:name>
        <spirit:fileType>unknown</spirit:fileType>
      </spirit:file>
      <spirit:file>
        <spirit:name>test/test.runs/synth_1/test_utilization_synth.pb</spirit:name>
        <spirit:fileType>unknown</spirit:fileType>
      </spirit:file>
      <spirit:file>
        <spirit:name>test/test.runs/synth_1/test_utilization_synth.rpt</spirit:name>
        <spirit:fileType>unknown</spirit:fileType>
      </spirit:file>
      <spirit:file>
        <spirit:name>test/test.runs/synth_1/vivado.jou</spirit:name>
        <spirit:fileType>unknown</spirit:fileType>
      </spirit:file>
      <spirit:file>
        <spirit:name>test/test.runs/synth_1/vivado.pb</spirit:name>
        <spirit:fileType>unknown</spirit:fileType>
      </spirit:file>
      <spirit:file>
        <spirit:name>test/test.srcs/constrs_1/new/test.xdc</spirit:name>
        <spirit:userFileType>xdc</spirit:userFileType>
      </spirit:file>
      <spirit:file>
        <spirit:name>test/test.srcs/sources_1/new/test.v</spirit:name>
        <spirit:fileType>verilogSource</spirit:fileType>
      </spirit:file>
      <spirit:file>
        <spirit:name>test/test.xpr</spirit:name>
        <spirit:fileType>unknown</spirit:fileType>
      </spirit:file>
    </spirit:fileSet>
  </spirit:fileSets>
  <spirit:description>mux4x1_v1_0</spirit:description>
  <spirit:parameters>
    <spirit:parameter>
      <spirit:name>Component_Name</spirit:name>
      <spirit:value spirit:resolve="user" spirit:id="PARAM_VALUE.Component_Name" spirit:order="1">mux4x1_v1_0</spirit:value>
    </spirit:parameter>
  </spirit:parameters>
  <spirit:vendorExtensions>
    <xilinx:coreExtensions>
      <xilinx:supportedFamilies>
        <xilinx:family xilinx:lifeCycle="Production">artix7</xilinx:family>
      </xilinx:supportedFamilies>
      <xilinx:taxonomies>
        <xilinx:taxonomy>/UserIP</xilinx:taxonomy>
      </xilinx:taxonomies>
      <xilinx:displayName>mux4x1_v1_0</xilinx:displayName>
      <xilinx:coreRevision>1</xilinx:coreRevision>
      <xilinx:coreCreationDateTime>2019-11-29T16:23:51Z</xilinx:coreCreationDateTime>
      <xilinx:tags>
        <xilinx:tag xilinx:name="nopcore"/>
        <xilinx:tag xilinx:name="xilinx.com:user:mux4x1:1.0_ARCHIVE_LOCATION">D:/FPGAproject</xilinx:tag>
      </xilinx:tags>
    </xilinx:coreExtensions>
    <xilinx:packagingInfo>
      <xilinx:xilinxVersion>2015.2</xilinx:xilinxVersion>
      <xilinx:checksum xilinx:scope="fileGroups" xilinx:value="60a4c249"/>
      <xilinx:checksum xilinx:scope="ports" xilinx:value="5a6714bc"/>
      <xilinx:checksum xilinx:scope="parameters" xilinx:value="e12ee618"/>
    </xilinx:packagingInfo>
  </spirit:vendorExtensions>
</spirit:component>
